{"x": -58.66089312977101, "y": 182.74941984732834, "z": 100.49079389312976}