{"x": 46.93868702290077, "y": -4.019870229007628, "z": 40.57219083969481}