{"x": -18.504381679389326, "y": 16.06555725190841, "z": 367.71614503816795}